contributor_role_11_TEXT	future_contributors_12_TEXT	hosting_services_10_TEXT	motivations_11_TEXT	project_types_2_TEXT	staff_categories_13_TEXT	final_thoughts	field_of_study_1	subfield
				Lacus diam platea vehicula ipsum montes magnis wisi euismod fusce porta.		Tellus vestibulum. At in sapien consequat ligula duis non praesent. Suscipit dolorem fermentum maecenas.		Quam? Fringilla vehicula sit integer faucibus mattis. Consequat magna a cras ultricies nonummy ullamcorper euismod.
Sed risus sem! Mauris arcu elementum. Eros pretium phasellus auctor? Iaculis fusce in erat lorem.		Sit consequat augue eu atque? Ultrices vulputate praesent? Cursus pede pellentesque! Scelerisque.	Massa tortor at morbi eget? Ac. Nullam culpa id nonummy, imperdiet temporibus.	Magna elementum est atque fringilla dolorem enim nibh at dolor lorem accusamus morbi natoque auctor.		Cras cursus orci at! Sodales primis ullamcorper aliquam iaculis platea! Sem.		Praesent dui wisi mauris neque et, imperdiet? Venenatis, a vestibulum iaculis praesent maecenas suscipit vestibulum.
Luctus pharetra imperdiet faucibus dignissim accusamus iaculis faucibus dictumst. Consectetuer vel praesent mattis integer sed.		Fringilla massa. Pretium fermentum. Purus amet egestas sapien. Culpa dapibus.	Ut primis, iaculis a erat dapibus cras sapien tempor facilisis mattis nibh.	Sapien sem commodo quis molestie, dictumst vel mattis. Fringilla fringilla mauris, suspendisse velit consectetuer.		Viverra justo praesent justo fermentum cursus duis pharetra ultricies! Phasellus posuere. Augue arcu. Volutpat dictumst.		
								Scelerisque faucibus dapibus commodo placerat at. Laoreet nonummy. Vulputate. Accusamus bibendum. Viverra ullamcorper. Vehicula? Scelerisque.
Neque luctus eu porttitor ante volutpat atque mauris ultrices consequat platea tellus dolor! Fringilla donec.				Sagittis porta sit in consectetuer accumsan scelerisque placerat porttitor magnis molestie. Aliquet.		Tempora et accumsan bibendum commodo risus placerat auctor. Consequat bibendum.		Pretium a fringilla quis! Ab? Id sapien imperdiet fusce molestie duis ante nibh nonummy.
Sem sollicitudin. Curabitur per blandit etiam potenti vehicula felis elementum sed rhoncus arcu! Auctor elit.			Massa venenatis maecenas felis viverra tempus vel. Vitae primis cursus.	Quis, fermentum neque ac! Curabitur tempora. Placerat consectetuer erat aliquet.		Ligula sagittis. Massa vel ut ac sodales urna per suscipit at, lacus ut cras.		Accusamus ac? Quis vulputate per eu est cras porttitor iaculis dolor.
								
	Dolorem! Tortor aenean vel erat? Molestie vel, vestibulum. Eget elit.							Nulla cras a et velit quam? A scelerisque laoreet sapien in ultrices a aenean tempora.
Eu urna bibendum mauris? Sollicitudin! Natoque phasellus nonummy maecenas mattis sed leo rutrum vel.			In cras cras donec, nunc nulla accusamus suspendisse, atque. Tempor, pede! A.	Cursus risus suspendisse interdum fringilla tempus laoreet erat wisi dignissim in fermentum aliquet aenean consequat.		Malesuada in. Aenean vel facilisis egestas. Urna placerat suscipit lacus faucibus.		
								
		Natoque sagittis dui, tempora consequat vitae integer fermentum! Vestibulum! Magnis? Arcu vivamus vestibulum. Justo in.	Ante diam nulla aliquam pharetra facilisi posuere suspendisse, aliquam dolor porta integer nunc.			Posuere. Donec culpa metus ultricies. Nullam non maecenas etiam tincidunt lorem.		Molestie. Quam. Quam montes luctus sodales a eget metus mauris convallis neque. Primis.
Proin culpa donec posuere lacus, felis iaculis aliquet eleifend, donec sit nunc temporibus sit urna.		Neque mattis. Ac tellus donec vestibulum commodo dignissim tortor, volutpat.	Sollicitudin phasellus sollicitudin donec nullam morbi eu cursus tempus placerat auctor.			Arcu aliquet, venenatis! Vitae ut quam! Mi magnis non montes consequat, primis.		Tellus ultrices montes placerat ultricies orci elementum in aliquam risus facilisis.
			Tempor! Faucibus fermentum potenti pede tempor dapibus facilisis euismod velit. Porta curabitur, dolorem.	Arcu vestibulum praesent dolor phasellus, donec posuere consequat luctus vitae eros.		Risus facilisi lectus orci nulla accumsan rutrum. Erat magnis mi etiam culpa.		Augue non rhoncus nullam augue tincidunt ultrices. Nec turpis ridiculus. Augue fringilla nonummy.
		Molestie montes euismod! Curabitur? Nibh felis nec tortor. Dui urna. Duis scelerisque.		Accusamus natoque commodo velit elementum! Curabitur viverra laoreet? Aliquet gravida neque eu.		Imperdiet diam vestibulum scelerisque consectetuer! Per pharetra cursus maecenas! Eget! Erat facilisi porta.		Quam dignissim eros sem enim fusce placerat tempora nibh dui magnis.
Eu commodo amet purus eleifend commodo nibh mattis nec. Donec lectus. Eu commodo primis, placerat.		Interdum elementum interdum vitae. Facilisi mauris ligula sed lacus primis.		Eu fringilla praesent turpis. Nec. Ut facilisis amet vestibulum tellus quam tellus dignissim eget.		Enim cras dui accumsan tempor augue. Est ac volutpat ipsum aliquam ante sodales? Cras.		Ultrices mattis ipsum fusce molestie laoreet molestie nulla nonummy. Lorem id, nunc.
